,Name,Team,GP,G,A,PTS,PTS/GM,PIMS,PLUS/MINUS
1,Sam Steel (C),Regina Pats,66,50,81,131,1.98,40,49
2,Adam Brooks (C),Regina Pats,66,43,87,130,1.97,61,43
3,Tyler Wong (RW),Lethbridge Hurricanes,69,51,58,109,1.58,53,29
4,Chad Butcher (RW),Medicine Hat Tigers,68,27,76,103,1.51,75,16
5,Jayden Halbgewachs (LW/C),Moose Jaw Warriors,71,50,51,101,1.42,27,8
6,Kailer Yamamoto (RW/LW),Spokane Chiefs,65,42,57,99,1.52,46,14
7,Cody Glass (C),Portland Winterhawks,69,32,62,94,1.36,36,31
8,Mason Shaw (C),Medicine Hat Tigers,71,27,67,94,1.32,57,12
9,Tyler Steenbergen (C/W),Swift Current Broncos,72,51,39,90,1.25,22,26
10,Matthew Phillips (C/RW),Victoria Royals,70,50,40,90,1.29,50,34
,,,,,,,,,
11,Morgan Geekie (C),Tri-City Americans,72,35,55,90,1.25,40,22
12,Giorgio Estephan (C),Lethbridge Hurricanes,68,35,54,89,1.31,39,3
13,Dawson Leedahl (LW),Regina Pats,71,35,54,89,1.25,121,45
14,Steven Owre (C),Medicine Hat Tigers,71,26,62,88,1.24,70,18
15,Kole Lind (RW),Kelowna Rockets,70,30,57,87,1.24,79,36
16,Aleksi Heponiemi (C/RW),Swift Current Broncos,72,28,58,86,1.19,18,15
17,Connor Hobbs (D),Regina Pats,67,31,54,85,1.27,92,30
18,Michael Spacek (C/RW),Red Deer Rebels,59,30,55,85,1.44,34,3
19,Skyler McKenzie (LW),Portland Winterhawks,72,42,42,84,1.17,60,29
20,Ryan Gropp (LW),Seattle Thunderbirds,66,35,49,84,1.27,26,25
,,,,,,,,,
21,Tyler Sandhu (C/RW),Tri-City Americans,72,23,60,83,1.15,41,-5
22,Brayden Burke (LW/RW),totals,61,19,63,82,1.34,36,-9
,,Lethbridge Hurricanes,15,4,19,23,1.53,10,-5
,,Moose Jaw Warriors,46,15,44,59,1.28,26,-4
23,Brett Howden (C),Moose Jaw Warriors,58,38,43,81,1.4,73,14
24,Nick Henry (RW),Regina Pats,72,35,46,81,1.13,49,32
25,Matteo Gennaro (C/LW),Calgary Hitmen,69,43,37,80,1.16,65,13
26,Mathew Barzal (C),Seattle Thunderbirds,41,10,69,79,1.93,20,32
27,Deven Sideroff (RW),Kamloops Blazers,67,36,42,78,1.16,49,26
28,Patrick Bajkov (RW/LW),Everett Silvertips,71,29,49,78,1.1,44,23
29,Rudolfs Balcers (LW),Kamloops Blazers,66,40,37,77,1.17,16,26
30,Matt Bradley (C),Medicine Hat Tigers,70,34,43,77,1.1,85,23
,,,,,,,,,
31,Jaret Anderson-Dolan (C),Spokane Chiefs,72,39,37,76,1.06,22,4
32,Dominic Zwerger (LW),Everett Silvertips,67,28,47,75,1.12,32,20
33,Zak Zborosky (RW),totals,66,41,33,74,1.12,24,-5
,,Kootenay Ice,41,28,16,44,1.07,14,-14
,,Lethbridge Hurricanes,25,13,17,30,1.2,10,9
34,Ryley Lindgren (C/RW),totals,72,27,47,74,1.03,42,1
,,Lethbridge Hurricanes,42,14,28,42,1,23,-3
,,Swift Current Broncos,30,13,19,32,1.07,19,4
35,Hudson Elynuik (C),Spokane Chiefs,64,29,44,73,1.14,70,-4
36,Jack Walker (LW),Victoria Royals,70,31,41,72,1.03,65,17
37,Jansen Harkins (C),Prince George Cougars,64,21,51,72,1.13,48,19
38,Reid Duke (C),Brandon Wheat Kings,59,37,34,71,1.2,81,9
39,Lane Bauer (C),totals,71,36,35,71,1,22,16
,,Edmonton Oil Kings,40,25,15,40,1,18,12
,,Kamloops Blazers,31,11,20,31,1,4,4
40,Brandon Hagel (LW),Red Deer Rebels,65,31,40,71,1.09,85,2
,,,,,,,,,
41,Brennan Menell (D),Lethbridge Hurricanes,70,12,59,71,1.01,29,10
42,Calvin Thürkauf (C/LW),Kelowna Rockets,60,33,37,70,1.17,87,34
43,Ethan Bear (D),Seattle Thunderbirds,67,28,42,70,1.04,21,34
44,Keegan Iverson (RW/C),Portland Winterhawks,55,26,44,70,1.27,94,27
45,Davis Koch (C/RW),Edmonton Oil Kings,72,21,49,70,0.97,20,-8
46,Nikita Popugayev (RW/LW),totals,71,29,40,69,0.97,29,12
,,Moose Jaw Warriors,40,22,29,51,1.28,14,3
,,Prince George Cougars,31,7,11,18,0.58,15,9
47,Keanu Yamamoto (RW),Spokane Chiefs,72,26,43,69,0.96,54,-13
48,Ty Lewis (LW),Brandon Wheat Kings,70,30,38,68,0.97,40,3
49,Braylon Shmyr (LW),Saskatoon Blades,66,35,31,66,1,20,-12
50,Austin Wagner (LW),Regina Pats,64,30,36,66,1.03,94,52
,,,,,,,,,
51,Parker Wotherspoon (D),Tri-City Americans,69,10,56,66,0.96,99,15
52,Lane Pederson (C),Swift Current Broncos,62,25,40,65,1.05,39,9
53,Garrett Pilon (C),Kamloops Blazers,67,20,45,65,0.97,20,26
54,Jesse Gabrielle (LW/RW),Prince George Cougars,61,35,29,64,1.05,88,17
55,Dante Hannoun (C),Victoria Royals,72,25,39,64,0.89,26,12
56,Clayton Kirichenko (D),Medicine Hat Tigers,72,12,52,64,0.89,42,50
57,Zach Fischer (RW),Medicine Hat Tigers,62,34,29,63,1.02,145,10
58,Radovan Bondra (RW/LW),totals,62,32,31,63,1.02,40,2
,,Vancouver Giants,32,19,12,31,0.97,14,1
,,Prince George Cougars,30,13,19,32,1.07,26,1
59,Tyler Coulter (LW),Brandon Wheat Kings,66,30,33,63,0.95,100,10
60,Nick Merkley (RW/C),Kelowna Rockets,63,23,40,63,1,73,22
,,,,,,,,,
61,Max Gerlach (C),Medicine Hat Tigers,72,34,28,62,0.86,32,6
62,Evan Polei (LW),Red Deer Rebels,69,33,29,62,0.9,104,4
63,Collin Shirley (LW/C),Kamloops Blazers,70,28,34,62,0.89,31,0
64,Caleb Jones (D),Portland Winterhawks,63,9,53,62,0.98,54,3
65,Mark Rassell (C),Medicine Hat Tigers,72,36,25,61,0.85,31,11
66,Noah Gregor (C),Moose Jaw Warriors,52,27,34,61,1.17,29,5
67,Stelio Mattheos (RW/C),Brandon Wheat Kings,69,26,35,61,0.88,59,-16
68,Juuso Välimäki (D),Tri-City Americans,60,19,42,61,1.02,34,2
69,Keegan Kolesar (RW),Seattle Thunderbirds,54,26,34,60,1.11,101,28
70,Matt Alfaro (C),totals,61,25,35,60,0.98,72,-7
,,Kootenay Ice,41,13,26,39,0.95,50,-10
,,Lethbridge Hurricanes,20,12,9,21,1.05,22,3
,,,,,,,,,
71,John Dahlström (LW/RW),Medicine Hat Tigers,63,30,29,59,0.94,12,21
72,Glenn Gawdin (C),Swift Current Broncos,52,26,33,59,1.13,80,21
73,David Quenneville (D),Medicine Hat Tigers,49,23,36,59,1.2,37,5
74,Colton Kroeker (C),totals,70,18,41,59,0.84,14,-31
,,Lethbridge Hurricanes,41,6,21,27,0.66,10,4
,,Kootenay Ice,29,12,20,32,1.1,4,-35
75,Kevin Davis (D),Everett Silvertips,72,9,50,59,0.82,14,17
76,Joachim Blichfeld (RW/LW),Portland Winterhawks,63,28,30,58,0.92,34,1
77,Vladislav Lukin (RW),Tri-City Americans,63,26,32,58,0.92,46,-3
78,Austin Glover (C/RW),totals,69,22,36,58,0.84,30,-16
,,Prince Albert Raiders,35,12,14,26,0.74,18,-15
,,Red Deer Rebels,34,10,22,32,0.94,12,-1
79,Aaron Irving (D),totals,71,18,40,58,0.82,88,-7
,,Edmonton Oil Kings,39,14,29,43,1.1,55,-3
,,Everett Silvertips,32,4,11,15,0.47,33,-4
80,Vince Loschiavo (RW/C),Kootenay Ice,68,29,28,57,0.84,30,-25
,,,,,,,,,
81,Ryan Hughes (C),Portland Winterhawks,70,27,30,57,0.81,64,1
82,Kyle Olson (RW),Tri-City Americans,72,20,37,57,0.79,52,25
83,Cal Foote (D),Kelowna Rockets,71,6,51,57,0.8,41,39
84,Beck Malenstyn (LW),Calgary Hitmen,70,32,24,56,0.8,60,-13
85,Jesse Shynkaruk (C/LW),Saskatoon Blades,58,31,25,56,0.97,26,-12
86,Jordy Bellerive (C),Lethbridge Hurricanes,70,27,29,56,0.8,86,-4
87,Michael Rasmussen (C/W),Tri-City Americans,50,32,23,55,1.1,50,-13
88,Colby McAuley (C/W),Prince George Cougars,68,26,29,55,0.81,87,16
89,Tyler Soy (C),Victoria Royals,44,25,30,55,1.25,15,26
90,Yegor Babenko (RW),Lethbridge Hurricanes,66,24,31,55,0.83,36,7
,,,,,,,,,
91,Dillon Dubé (C/LW),Kelowna Rockets,40,20,35,55,1.38,40,18
92,Lane Zablocki (RW),totals,64,28,26,54,0.84,97,13
,,Regina Pats,33,9,16,25,0.76,48,18
,,Red Deer Rebels,31,19,10,29,0.94,49,-5
93,Trey Fix-Wolansky (RW),Edmonton Oil Kings,70,24,30,54,0.77,69,-16
94,Jordan Topping (LW),Tri-City Americans,43,28,25,53,1.23,33,17
95,Ty Ronning (RW),Vancouver Giants,68,25,28,53,0.78,35,-20
96,Jakob Stukel (LW),Calgary Hitmen,70,23,30,53,0.76,36,-13
97,Josh Mahura (D),totals,73,17,36,53,0.73,57,17
,,Red Deer Rebels,39,9,24,33,0.85,35,-1
,,Regina Pats,34,8,12,20,0.59,22,18
98,Dylan Coghlan (D),Tri-City Americans,71,15,38,53,0.75,26,17
99,Brad Morrison (C),Prince George Cougars,61,21,31,52,0.85,55,16
100,Tanner Jeannot (LW),Moose Jaw Warriors,71,19,33,52,0.73,84,13
101,Adam Musil (C),Red Deer Rebels,56,20,31,51,0.91,74,10
102,James Malm (LW),Vancouver Giants,69,20,31,51,0.74,18,-16
103,Artyom Minulin (D),Swift Current Broncos,70,8,42,50,0.71,21,28
104,Colton Bobyk (D),Red Deer Rebels,70,5,45,50,0.71,102,-13
105,Jared Bethune (C),Prince George Cougars,72,22,27,49,0.68,50,19
106,Kody McDonald (RW/C),Prince George Cougars,68,17,32,49,0.72,119,22
107,Filip Ahl (LW/RW),Regina Pats,54,28,20,48,0.89,26,18
108,Simon Stransky (LW/C),Prince Albert Raiders,57,22,26,48,0.84,23,-20
109,Thomas Foster (C),totals,68,21,27,48,0.71,37,-4
,,Vancouver Giants,38,10,18,28,0.74,22,-2
,,Moose Jaw Warriors,30,11,9,20,0.67,15,-2
110,Henri Jokiharju (D),Portland Winterhawks,71,9,39,48,0.68,38,14
,,,,,,,,,
111,Chase Harrison (D),Regina Pats,67,6,42,48,0.72,18,50
112,James Hamblin (LW),Medicine Hat Tigers,69,23,24,47,0.68,32,21
113,Matt Fonteyne (LW),Everett Silvertips,64,20,27,47,0.73,18,19
114,Tomas Soustal (C),Kelowna Rockets,49,18,29,47,0.96,48,29
115,Nolan Patrick (C),Brandon Wheat Kings,33,20,26,46,1.39,36,9
116,Jake Kryski (LW/C),totals,71,20,26,46,0.65,64,-14
,,Kelowna Rockets,37,13,16,29,0.78,43,3
,,Calgary Hitmen,34,7,10,17,0.5,21,-17
117,Rodney Southam (RW/C),Kelowna Rockets,71,19,27,46,0.65,121,9
118,Tanner Kaspick (C),Brandon Wheat Kings,49,19,26,45,0.92,75,8
119,Keoni Texeira (D),Portland Winterhawks,72,12,33,45,0.63,44,1
120,Jake Bean (D),Calgary Hitmen,43,8,37,45,1.05,14,-2
,,,,,,,,,
121,Nolan Volcan (LW),Seattle Thunderbirds,64,16,28,44,0.69,71,13
122,Sami Moilanen (LW/RW),Seattle Thunderbirds,70,21,22,43,0.61,33,6
123,Parker AuCoin (C),Tri-City Americans,72,21,22,43,0.6,23,-2
124,Parker Kelly (C/RW),Prince Albert Raiders,72,21,22,43,0.6,75,-15
125,Curtis Miske (LW),totals,61,20,23,43,0.7,32,1
,,Spokane Chiefs,28,5,9,14,0.5,17,-6
,,Prince Albert Raiders,33,15,14,29,0.88,15,7
126,Carsen Twarynski (LW),totals,64,17,26,43,0.67,60,8
,,Calgary Hitmen,36,10,11,21,0.58,42,-11
,,Kelowna Rockets,28,7,15,22,0.79,18,19
127,Chaz Reddekopp (D),Victoria Royals,51,10,33,43,0.84,63,15
128,Quinn Benjafield (RW),Kamloops Blazers,69,16,26,42,0.61,34,2
129,Nick Chyzowski (C/LW),Kamloops Blazers,72,16,26,42,0.58,28,1
130,Tyler Benson (LW),Vancouver Giants,33,11,31,42,1.27,31,-3
,,,,,,,,,
131,Max Lajoie (D),Swift Current Broncos,68,7,35,42,0.62,26,20
132,Regan Nagy (RW),Victoria Royals,69,18,23,41,0.59,34,6
133,Donovan Neuls (C),Seattle Thunderbirds,72,14,27,41,0.57,45,9
134,Lucas Johansen (D),Kelowna Rockets,68,6,35,41,0.6,39,23
135,Alexander True (C),Seattle Thunderbirds,66,25,15,40,0.61,38,-4
136,Jake Leschyshyn (C),Regina Pats,47,17,23,40,0.85,22,14
137,Josh Brook (D),Moose Jaw Warriors,69,8,32,40,0.58,61,17
138,Sergei Zborovsky (D),Regina Pats,63,7,33,40,0.63,64,72
139,Kale Clague (D),Brandon Wheat Kings,48,5,35,40,0.83,41,-8
140,Cavin Leth (C),totals,68,23,16,39,0.57,101,-14
,,Seattle Thunderbirds,5,0,3,3,0.6,8,-1
,,Prince Albert Raiders,63,23,13,36,0.57,93,-13
,,,,,,,,,
141,Riley Sutter (RW),Everett Silvertips,67,20,19,39,0.58,36,7
142,Alec Baer (C),totals,69,15,24,39,0.57,22,-7
,,Vancouver Giants,39,3,15,18,0.46,12,-1
,,Lethbridge Hurricanes,30,12,9,21,0.7,10,-6
143,Evan Weinger (RW),Portland Winterhawks,62,20,18,38,0.61,37,-1
144,Scott Eansor (C),Seattle Thunderbirds,40,18,20,38,0.95,32,14
145,Cale Fleury (D),Kootenay Ice,70,11,27,38,0.54,67,-61
146,Joe Gatenby (D),Kamloops Blazers,71,7,31,38,0.54,80,7
147,Mason McCarty (RW),Saskatoon Blades,45,21,16,37,0.82,68,-8
148,Reid Gardiner (RW),Kelowna Rockets,28,18,19,37,1.32,18,18
149,Josh Paterson (C),Saskatoon Blades,72,17,20,37,0.51,15,-23
150,Jordy Stallard (C),totals,40,14,23,37,0.93,19,-14
,,Calgary Hitmen,32,8,19,27,0.84,17,-13
,,Prince Albert Raiders,8,6,4,10,1.25,2,-1
,,,,,,,,,
151,Connor Gutenberg (C),Brandon Wheat Kings,66,13,24,37,0.56,17,-4
152,Tyler Robertson (LW),Edmonton Oil Kings,66,15,21,36,0.55,94,-21
153,Ryan Bowen (RW),totals,58,11,25,36,0.62,28,7
,,Moose Jaw Warriors,18,5,7,12,0.67,9,5
,,Lethbridge Hurricanes,40,6,18,24,0.6,19,2
154,Vladimir Bobylyov (LW/RW),Victoria Royals,38,9,27,36,0.95,53,16
155,Matt Sozanski (D),Moose Jaw Warriors,63,3,33,36,0.57,24,4
156,Nolan Foote (LW),Kelowna Rockets,52,19,16,35,0.67,25,-2
157,Mark Kastelic (C),Calgary Hitmen,67,13,22,35,0.52,65,-5
158,Devante Stephens (D),Kelowna Rockets,67,13,22,35,0.52,75,27
159,Andrei Grishakov (LW),Calgary Hitmen,70,11,24,35,0.5,48,-9
160,Austin Pratt (C/LW),Red Deer Rebels,70,16,18,34,0.49,43,5
,,,,,,,,,
161,Devon Skoleski (RW),Everett Silvertips,65,14,20,34,0.52,4,5
162,Ryan Peckford (C),Victoria Royals,45,13,21,34,0.76,20,7
163,Noah Juulsen (D),Everett Silvertips,49,12,22,34,0.69,38,15
164,Riley Woods (C/LW),totals,62,12,22,34,0.55,6,1
,,Regina Pats,28,6,7,13,0.46,2,7
,,Spokane Chiefs,34,6,15,21,0.62,4,-6
165,Brett Davis (RW),totals,59,18,15,33,0.56,18,-46
,,Lethbridge Hurricanes,29,7,4,11,0.38,4,-11
,,Kootenay Ice,30,11,11,22,0.73,14,-35
166,Colton Kehler (RW/C),Edmonton Oil Kings,67,18,15,33,0.49,44,-31
167,Brendan Guhle (D),totals,47,15,18,33,0.7,32,13
,,Prince Albert Raiders,15,2,2,4,0.27,10,-4
,,Prince George Cougars,32,13,16,29,0.91,22,17
168,Calen Addison (D),Lethbridge Hurricanes,63,9,24,33,0.52,52,6
169,Brogan O'Brien (C/LW),Prince George Cougars,70,9,24,33,0.47,53,4
170,Max Martin (D),totals,69,8,25,33,0.48,52,-9
,,Prince George Cougars,19,3,4,7,0.37,16,14
,,Prince Albert Raiders,50,5,21,26,0.52,36,-23
,,,,,,,,,
171,Colten Veloso (RW),Portland Winterhawks,71,18,14,32,0.45,49,-11
172,Alex Overhardt (C),Portland Winterhawks,68,14,18,32,0.47,99,-2
173,Austin Strand (D),totals,74,9,23,32,0.43,74,2
,,Red Deer Rebels,38,1,14,15,0.39,12,0
,,Seattle Thunderbirds,36,8,9,17,0.47,62,2
174,Turner Ottenbreit (D),Seattle Thunderbirds,71,7,25,32,0.45,92,45
175,Bryton Sayers (D),Saskatoon Blades,72,7,25,32,0.44,56,-18
176,Ty Smith (D),Spokane Chiefs,66,5,27,32,0.48,22,-12
177,Eetu Tuulola (RW),Everett Silvertips,62,18,13,31,0.5,34,4
178,Yan Khomenko (RW),totals,68,15,16,31,0.46,18,15
,,Prince George Cougars,36,10,10,20,0.56,12,11
,,Moose Jaw Warriors,32,5,6,11,0.34,6,4
179,Wyatt Sloboshan (C/LW),totals,68,11,20,31,0.46,32,-18
,,Saskatoon Blades,30,4,12,16,0.53,12,-22
,,Spokane Chiefs,1,0,0,0,0,0,0
,,Regina Pats,37,7,8,15,0.41,20,4
180,James Shearer (D),Brandon Wheat Kings,65,8,23,31,0.48,22,0
,,,,,,,,,
181,Jared Freadrich (D),totals,67,6,25,31,0.46,56,11
,,Regina Pats,3,0,1,1,0.33,2,0
,,Red Deer Rebels,64,6,24,30,0.47,54,11
182,Connor Dewar (C/LW),Everett Silvertips,71,14,16,30,0.42,37,-3
183,Graham Millar (RW),totals,48,12,18,30,0.63,18,-7
,,Everett Silvertips,25,9,7,16,0.64,4,7
,,Edmonton Oil Kings,23,3,11,14,0.61,14,-14
184,Tim Vanstone (C/RW),Prince Albert Raiders,68,12,18,30,0.44,116,-19
185,Josh Curtis (RW),Prince George Cougars,67,9,21,30,0.45,16,14
186,Michael Farren (C),Saskatoon Blades,63,8,22,30,0.48,32,-15
187,Scott Walford (D),Victoria Royals,60,6,24,30,0.5,36,-13
188,Calvin Spencer (RW),totals,66,16,13,29,0.44,71,-13
,,Swift Current Broncos,36,10,6,16,0.44,39,-2
,,Vancouver Giants,30,6,7,13,0.43,32,-11
189,Kyle Topping (C),Kelowna Rockets,59,14,15,29,0.49,38,5
190,Kolten Olynek (C/RW),totals,67,14,15,29,0.43,43,-10
,,Prince Albert Raiders,39,9,10,19,0.49,29,-10
,,Saskatoon Blades,28,5,5,10,0.36,14,0
,,,,,,,,,
191,Tyler Mrkonijc (RW),Calgary Hitmen,72,8,21,29,0.4,8,-4
192,Tyson Helgesen (D),Spokane Chiefs,72,8,21,29,0.4,75,-4
193,Luke Coleman (LW),totals,73,14,14,28,0.38,39,-24
,,Prince Albert Raiders,39,7,5,12,0.31,29,-26
,,Calgary Hitmen,34,7,9,16,0.47,10,2
194,Ryan Graham (LW),totals,32,13,15,28,0.88,23,-5
,,Saskatoon Blades,11,1,4,5,0.45,10,-9
,,Swift Current Broncos,21,12,11,23,1.1,13,4
195,Justin Almeida (C),totals,70,11,17,28,0.4,10,-5
,,Prince George Cougars,37,4,9,13,0.35,4,-9
,,Moose Jaw Warriors,33,7,8,15,0.45,6,4
196,Ryan Jevne (RW),Medicine Hat Tigers,72,9,19,28,0.39,30,3
197,Colby Sissons (D),Swift Current Broncos,63,6,22,28,0.44,30,11
198,Jonathan Smart (D),totals,67,3,25,28,0.42,43,37
,,Kelowna Rockets,24,1,6,7,0.29,23,9
,,Regina Pats,43,2,19,21,0.49,20,28
199,Kaden Elder (RW),Swift Current Broncos,67,15,12,27,0.4,18,2
200,Luka Burzan (C),Moose Jaw Warriors,66,14,13,27,0.41,18,9
201,Logan Christensen (C/LW),Saskatoon Blades,72,11,16,27,0.38,22,-9
202,Conner McDonald (D),totals,67,8,19,27,0.4,47,-19
,,Kamloops Blazers,36,1,12,13,0.36,20,5
,,Edmonton Oil Kings,31,7,7,14,0.45,27,-24
203,Brady Reagan (D),totals,68,7,20,27,0.4,41,-18
,,Lethbridge Hurricanes,18,1,4,5,0.28,11,-8
,,Calgary Hitmen,50,6,16,22,0.44,30,-10
204,Jordan Henderson (D),totals,61,6,21,27,0.44,39,29
,,Spokane Chiefs,15,0,4,4,0.27,13,6
,,Saskatoon Blades,20,1,3,4,0.2,9,-6
,,Medicine Hat Tigers,26,5,14,19,0.73,17,29
205,James Hilsendager (D),totals,64,6,21,27,0.42,61,12
,,Regina Pats,18,0,3,3,0.17,14,0
,,Kelowna Rockets,46,6,18,24,0.52,47,12
206,Ethan McIndoe (C/LW),Spokane Chiefs,67,17,9,26,0.39,54,-9
207,Jared Dmytriw (RW),Victoria Royals,59,15,11,26,0.44,36,1
208,Cole Fonstad (C/LW),Prince Albert Raiders,69,11,15,26,0.38,16,-10
209,Tate Olson (D),Prince George Cougars,67,7,19,26,0.39,60,9
210,Libor Hájek (D),Saskatoon Blades,65,4,22,26,0.4,81,-17
,,,,,,,,,
211,Michael Zipp (D),Calgary Hitmen,71,4,22,26,0.37,96,-13
212,Vojtech Budik (D),Prince Albert Raiders,56,1,25,26,0.46,20,-9
213,Matt Barberis (D),Vancouver Giants,48,10,15,25,0.52,46,-25
214,Ondrej Vala (D),Kamloops Blazers,60,10,15,25,0.42,89,11
215,Ryan Vandervlis (C),Lethbridge Hurricanes,60,8,17,25,0.42,24,8
216,Jarret Tyszka (D),Seattle Thunderbirds,54,6,19,25,0.46,28,5
217,Vladislav Yeryomenko (D),Calgary Hitmen,62,6,19,25,0.4,28,-1
218,Ondrej Najman (C),Spokane Chiefs,65,5,20,25,0.38,20,-8
219,Dawson Davidson (D),totals,72,5,20,25,0.35,59,22
,,Kamloops Blazers,32,3,12,15,0.47,31,9
,,Regina Pats,40,2,8,10,0.25,28,13
220,Johnny Wesley (LW),Vancouver Giants,47,11,13,24,0.51,43,-21
,,,,,,,,,
221,Will Warm (D),Edmonton Oil Kings,67,9,15,24,0.36,72,-20
222,Aaron Boyd (C),Prince George Cougars,70,9,15,24,0.34,15,10
223,Kobe Mohr (LW),Edmonton Oil Kings,68,6,18,24,0.35,75,-10
224,Sam Ruopp (D),Prince George Cougars,55,4,20,24,0.44,51,24
225,Kristians Rubins (D),Medicine Hat Tigers,49,3,21,24,0.49,14,29
226,Sean Montgomery (C),Prince Albert Raiders,69,13,10,23,0.33,14,-29
227,Conner Chaulk (C),Swift Current Broncos,65,10,13,23,0.35,49,-6
228,Sean Richards (LW),Everett Silvertips,67,8,15,23,0.34,51,4
229,Brendan De Jong (D),Portland Winterhawks,72,8,15,23,0.32,72,5
230,Dallas Hines (D),Kootenay Ice,67,4,19,23,0.34,39,-46
,,,,,,,,,
231,Mark Rubinchik (D),Saskatoon Blades,63,0,23,23,0.37,54,-14
232,Jack Flaman (C),Vancouver Giants,71,15,7,22,0.31,31,-26
233,Luc Smith (C/W),totals,61,12,10,22,0.36,73,5
,,Regina Pats,29,6,5,11,0.38,26,9
,,Kamloops Blazers,32,6,5,11,0.34,47,-4
234,Eli Zummack (C),Spokane Chiefs,50,9,13,22,0.44,6,-9
235,Nolan Yaremko (LW),Tri-City Americans,67,8,14,22,0.33,73,-10
236,Branden Klatt (LW),totals,71,7,15,22,0.31,49,-14
,,Edmonton Oil Kings,41,4,5,9,0.22,28,-17
,,Moose Jaw Warriors,30,3,10,13,0.43,21,3
237,Jett Woo (D),Moose Jaw Warriors,65,5,17,22,0.34,37,12
238,Tyler Preziuso (RW),Medicine Hat Tigers,71,5,17,22,0.31,25,-3
239,Brad Forrest (D),Medicine Hat Tigers,72,3,19,22,0.31,39,-1
240,Matt Revel (C),totals,42,9,12,21,0.5,19,2
,,Kamloops Blazers,31,7,11,18,0.58,17,2
,,Portland Winterhawks,11,2,1,3,0.27,2,0
,,,,,,,,,
241,Akash Bains (LW),Red Deer Rebels,65,8,13,21,0.32,18,-6
242,Chase Wouters (C/LW),Saskatoon Blades,54,6,15,21,0.39,27,-10
243,Alexander Alexeyev (D),Red Deer Rebels,41,4,17,21,0.51,24,7
244,Dylan Plouffe (D),Vancouver Giants,61,4,17,21,0.34,52,-19
245,Ty Schultz (D),Medicine Hat Tigers,44,3,18,21,0.48,15,21
246,Ralph Jarratt (D),Victoria Royals,65,2,19,21,0.32,28,5
247,Igor Merezhko (D),Lethbridge Hurricanes,72,2,19,21,0.29,88,8
248,Brendan Semchuk (RW),Vancouver Giants,63,8,12,20,0.32,48,-12
249,Nicholas Holowko (LW),totals,66,7,13,20,0.3,41,-9
,,Prince Albert Raiders,26,2,5,7,0.27,20,-12
,,Kamloops Blazers,40,5,8,13,0.33,21,3
250,Matthew Wedman (C),Seattle Thunderbirds,48,6,14,20,0.42,36,1
,,,,,,,,,
251,Schael Higson (D),Brandon Wheat Kings,71,4,16,20,0.28,104,-7
252,Josh Thrower (D),Moose Jaw Warriors,67,2,18,20,0.3,108,6
253,Dmitri Zaitsev (D),Moose Jaw Warriors,70,2,18,20,0.29,55,19
254,Nolan Reid (D),totals,64,1,19,20,0.31,26,-29
,,Saskatoon Blades,34,0,11,11,0.32,12,-20
,,Spokane Chiefs,30,1,8,9,0.3,14,-9
255,Hayden Ostir (C/RW),Spokane Chiefs,52,8,11,19,0.37,31,-8
256,Noah Philp (C),Kootenay Ice,65,8,11,19,0.29,14,-36
257,Carson Miller (C),Prince Albert Raiders,46,7,12,19,0.41,23,-9
258,Taylor Ross (RW/C),Spokane Chiefs,60,7,12,19,0.32,15,-11
259,Arthur Miller (LW),Swift Current Broncos,65,7,12,19,0.29,111,-6
260,Rykr Cole (C),totals,63,6,13,19,0.3,37,9
,,Regina Pats,34,6,7,13,0.38,23,11
,,Spokane Chiefs,29,0,6,6,0.21,14,-2
,,,,,,,,,
261,Jake Christiansen (D),Everett Silvertips,72,6,13,19,0.26,29,16
262,Evan Fiala (D),totals,70,4,15,19,0.27,139,11
,,Spokane Chiefs,32,2,7,9,0.28,54,12
,,Saskatoon Blades,38,2,8,10,0.26,85,-1
263,Ryan Gagnon (D),Victoria Royals,67,1,18,19,0.28,103,6
264,Barrett Sheen (LW),Kootenay Ice,55,8,10,18,0.33,129,-20
265,Brett Leason (RW),Tri-City Americans,68,8,10,18,0.26,6,-1
266,Ethan Price (RW),Victoria Royals,70,8,10,18,0.26,21,-18
267,Carter Folk (LW),Victoria Royals,68,7,11,18,0.26,105,-9
268,Brayden Watts (RW),totals,70,7,11,18,0.26,10,-20
,,Moose Jaw Warriors,40,4,0,4,0.1,6,-5
,,Vancouver Giants,30,3,11,14,0.47,4,-15
269,Austin Wellsby (LW),Kootenay Ice,60,6,12,18,0.3,27,-29
270,Adam Berg (LW),Edmonton Oil Kings,61,5,13,18,0.3,17,-30
,,,,,,,,,
271,Troy Murray (D),Kootenay Ice,67,4,14,18,0.27,93,-42
272,Brennan Riddle (D),totals,71,4,14,18,0.25,59,5
,,Prince Albert Raiders,3,0,0,0,0,4,-1
,,Lethbridge Hurricanes,68,4,14,18,0.26,55,6
273,Loch Morrison (D),totals,67,3,15,18,0.27,73,-14
,,Prince Albert Raiders,37,2,11,13,0.35,40,-13
,,Victoria Royals,30,1,4,5,0.17,33,-1
274,Dawson Martin (LW),totals,67,10,7,17,0.25,41,-13
,,Calgary Hitmen,2,0,1,1,0.5,4,0
,,Red Deer Rebels,65,10,6,16,0.25,37,-13
275,Spencer Bast (RW),totals,60,9,8,17,0.28,20,7
,,Kamloops Blazers,40,6,5,11,0.28,13,4
,,Moose Jaw Warriors,20,3,3,6,0.3,7,3
276,Jesse Zaharichuk (RW),Lethbridge Hurricanes,17,8,9,17,1,8,-1
277,Maxwell James (LW),Tri-City Americans,39,8,9,17,0.44,62,-2
278,Riley Stadel (D),totals,45,7,10,17,0.38,54,-7
,,Kelowna Rockets,29,5,2,7,0.24,30,-1
,,Edmonton Oil Kings,16,2,8,10,0.63,24,-6
279,Tristan Langan (C/LW),Moose Jaw Warriors,66,6,11,17,0.26,16,-1
280,Jermaine Loewen (LW/RW),Kamloops Blazers,66,6,11,17,0.26,115,4
,,,,,,,,,
281,Brian King (C),Everett Silvertips,62,4,13,17,0.27,16,2
282,Daniel Bukac (D),Brandon Wheat Kings,72,2,15,17,0.24,38,0
283,Sahvan Khaira (D),Swift Current Broncos,70,1,16,17,0.24,88,7
284,Tanner Nagel (RW),Lethbridge Hurricanes,72,10,6,16,0.22,88,-3
285,Riley Stotts (C),Swift Current Broncos,52,9,7,16,0.31,12,-3
286,Jeff de Wit (C),totals,66,9,7,16,0.24,26,-7
,,Red Deer Rebels,36,4,5,9,0.25,17,-4
,,Regina Pats,30,5,2,7,0.23,9,-3
287,D-Jay Jerome (C/RW),totals,55,8,8,16,0.29,16,-2
,,Red Deer Rebels,23,5,3,8,0.35,12,0
,,Prince Albert Raiders,32,3,5,8,0.25,4,-2
288,Jake Elmer (RW),Kootenay Ice,46,7,9,16,0.35,24,-33
289,Carson Sass (D),Red Deer Rebels,64,5,11,16,0.25,30,4
290,Lucas Skrumeda (D),Everett Silvertips,47,4,12,16,0.34,21,18
,,,,,,,,,
291,Brayden Gorda (D),Edmonton Oil Kings,56,4,12,16,0.29,84,-28
292,Luke Zazula (D),Kamloops Blazers,54,2,14,16,0.3,59,-1
293,Aaron Hyman (D),totals,67,2,14,16,0.24,21,-7
,,Calgary Hitmen,28,1,7,8,0.29,10,-4
,,Seattle Thunderbirds,39,1,7,8,0.21,11,-3
294,Ryan Pouliot (D),Kootenay Ice,66,1,15,16,0.24,123,-36
295,Braydon Buziak (C/LW),Regina Pats,55,11,4,15,0.27,75,16
296,Markson Bechtold (LW/C),totals,33,8,7,15,0.45,60,0
,,Spokane Chiefs,13,5,3,8,0.62,13,3
,,Saskatoon Blades,20,3,4,7,0.35,47,-3
297,Max Patterson (RW),Kootenay Ice,63,8,7,15,0.24,23,-36
298,Cam Hausinger (RW),totals,61,7,8,15,0.25,72,-12
,,Saskatoon Blades,20,0,3,3,0.15,22,-7
,,Red Deer Rebels,41,7,5,12,0.29,50,-5
299,Erik Gardiner (C/LW),totals,42,4,11,15,0.36,8,-3
,,Regina Pats,2,0,0,0,0,0,0
,,Kelowna Rockets,40,4,11,15,0.38,8,-3
300,Tyler Adams (C),totals,66,4,11,15,0.23,77,-1
,,Swift Current Broncos,25,1,6,7,0.28,21,2
,,Seattle Thunderbirds,41,3,5,8,0.2,56,-3
301,Brayden Pachal (D),totals,65,3,12,15,0.23,83,-10
,,Victoria Royals,35,0,3,3,0.09,46,-9
,,Prince Albert Raiders,30,3,9,12,0.4,37,-1
302,Jadon Joseph (C/RW),Lethbridge Hurricanes,68,3,12,15,0.22,54,-4
303,Dallas Valentine (D),Kamloops Blazers,52,2,13,15,0.29,4,17
304,Dalton Yorke (D),Tri-City Americans,72,0,15,15,0.21,149,9
305,Jake Gricius (C),Portland Winterhawks,71,10,4,14,0.2,14,-10
306,Leif Mattson (RW),Kelowna Rockets,46,9,5,14,0.3,23,6
307,Gage Ramsay (LW/C),totals,66,9,5,14,0.21,11,-16
,,Vancouver Giants,6,0,1,1,0.17,0,-1
,,Saskatoon Blades,60,9,4,13,0.22,11,-15
308,Bryce Kindopp (RW),Everett Silvertips,60,7,7,14,0.23,8,-4
309,Nick Bowman (C),Edmonton Oil Kings,61,7,7,14,0.23,15,-15
310,Jordan Borstmayer (RW),totals,64,7,7,14,0.22,20,-13
,,Kelowna Rockets,32,3,4,7,0.22,10,-5
,,Vancouver Giants,32,4,3,7,0.22,10,-8
,,,,,,,,,
311,Dawson Holt (RW/C),Vancouver Giants,39,6,8,14,0.36,32,-10
312,Spencer Moe (RW),Prince Albert Raiders,61,6,8,14,0.23,6,-10
313,Adam Kadlec (C),totals,60,5,9,14,0.23,25,-9
,,Prince George Cougars,6,0,0,0,0,4,0
,,Prince Albert Raiders,54,5,9,14,0.26,21,-9
314,Zane Franklin (C),Lethbridge Hurricanes,64,5,9,14,0.22,103,-6
315,Owen Hardy (C/LW),Vancouver Giants,65,5,9,14,0.22,42,-6
316,Brett Kemp (C),totals,36,4,10,14,0.39,8,-18
,,Everett Silvertips,17,3,4,7,0.41,0,-3
,,Edmonton Oil Kings,19,1,6,7,0.37,8,-15
317,Kade Jensen (D),totals,73,4,10,14,0.19,94,-4
,,Swift Current Broncos,41,3,6,9,0.22,69,0
,,Brandon Wheat Kings,32,1,4,5,0.16,25,-4
318,Brandon Schuldhaus (D),totals,67,2,12,14,0.21,58,0
,,Seattle Thunderbirds,33,2,3,5,0.15,30,-5
,,Red Deer Rebels,34,0,9,9,0.26,28,5
319,Dmitri Osipov (D),totals,73,2,12,14,0.19,82,-2
,,Vancouver Giants,42,1,10,11,0.26,39,-1
,,Brandon Wheat Kings,31,1,2,3,0.1,43,-1
320,Anatoli Yelizarov (D),Edmonton Oil Kings,67,7,6,13,0.19,65,-22
,,,,,,,,,
321,Lane Gilliss (LW),Portland Winterhawks,65,6,7,13,0.2,33,0
322,Bryan Lockner (F/RW),Regina Pats,62,4,9,13,0.21,31,2
323,Elijah Brown (C),Seattle Thunderbirds,64,4,9,13,0.2,12,-3
324,Conner Bruggen-Cate (LW),Kelowna Rockets,55,3,10,13,0.24,37,-4
325,Shane Collins (D),Prince George Cougars,72,2,11,13,0.18,31,7
326,Kole Gable (LW),totals,45,6,6,12,0.27,6,-5
,,Edmonton Oil Kings,8,1,0,1,0.13,0,-6
,,Swift Current Broncos,37,5,6,11,0.3,6,1
327,Andrew Fyten (C),Calgary Hitmen,63,6,6,12,0.19,75,-7
328,Ryan Chyzowski (LW),Medicine Hat Tigers,52,5,7,12,0.23,6,-2
329,Jordan Wharrie (D),totals,71,5,7,12,0.17,52,-13
,,Brandon Wheat Kings,41,3,7,10,0.24,24,6
,,Vancouver Giants,30,2,0,2,0.07,28,-19
330,Jack Cowell (LW),Kelowna Rockets,59,4,8,12,0.2,17,-4
,,,,,,,,,
331,Tanner Wishnowski (LW),totals,28,3,9,12,0.43,30,-1
,,Kelowna Rockets,10,1,1,2,0.2,8,-3
,,Spokane Chiefs,13,2,6,8,0.62,20,1
,,Prince George Cougars,5,0,2,2,0.4,2,1
332,Jackson Shepard (LW),Kamloops Blazers,41,3,9,12,0.29,32,3
333,Reece Harsch (D),Seattle Thunderbirds,67,3,9,12,0.18,16,2
334,Nick Heid (D),Prince Albert Raiders,63,2,10,12,0.19,38,-32
335,Marsel Ibragimov (D),Victoria Royals,72,2,10,12,0.17,42,12
336,Zack Hayes (D),Prince Albert Raiders,72,2,10,12,0.17,82,-12
337,Ilijah Colina (C),Portland Winterhawks,46,1,11,12,0.26,8,-13
338,Brady Pouteau (D),totals,48,1,11,12,0.25,19,12
,,Regina Pats,18,0,2,2,0.11,6,5
,,Lethbridge Hurricanes,30,1,9,10,0.33,13,7
339,Joel Lakusta (D),Prince George Cougars,60,1,11,12,0.2,24,15
340,Zack Andrusiak (LW),totals,60,6,5,11,0.18,16,-12
,,Prince Albert Raiders,8,1,1,2,0.25,0,-2
,,Seattle Thunderbirds,52,5,4,9,0.17,16,-10
,,,,,,,,,
341,Luke Ormsby (RW),Seattle Thunderbirds,65,6,5,11,0.17,25,-1
342,Ty Gerla (LW),Edmonton Oil Kings,43,5,6,11,0.26,60,-14
343,Caleb Fantillo (RW),totals,55,5,6,11,0.2,61,-3
,,Medicine Hat Tigers,5,0,2,2,0.4,12,1
,,Saskatoon Blades,50,5,4,9,0.18,49,-4
344,Jordan Roy (C/LW),Red Deer Rebels,63,5,6,11,0.17,47,-5
345,Cole Johnson (C),totals,54,4,7,11,0.2,37,-2
,,Swift Current Broncos,34,4,6,10,0.29,18,1
,,Saskatoon Blades,20,0,1,1,0.05,19,-3
346,Davis Murray (C/LW),Edmonton Oil Kings,52,3,8,11,0.21,99,-10
347,Josh Anderson (D),Prince George Cougars,69,3,8,11,0.16,75,13
348,Dalton Hamaliuk (D),Spokane Chiefs,70,0,11,11,0.16,36,-28
349,Pavel Kousal (LW/RW),Spokane Chiefs,49,7,3,10,0.2,18,-6
350,Kirby Dach (C),Saskatoon Blades,19,6,4,10,0.53,4,3
,,,,,,,,,
351,Bradley Ginnell (C),Portland Winterhawks,51,6,4,10,0.2,24,-5
352,Blake Bargar (RW),Victoria Royals,61,6,4,10,0.16,52,-17
353,Braydyn Chizen (D),Kelowna Rockets,65,3,7,10,0.15,82,1
354,Caiden Daley (C),Brandon Wheat Kings,60,2,8,10,0.17,18,-12
355,Darian Skeoch (D/RW),Vancouver Giants,27,1,9,10,0.37,46,4
356,Ryan Schoettler (D),Prince George Cougars,58,1,9,10,0.17,8,10
357,Ethan Cap (D),Edmonton Oil Kings,62,1,9,10,0.16,20,-19
358,Liam Schioler (D),Regina Pats,72,1,9,10,0.14,48,28
359,Wyatte Wylie (D),Everett Silvertips,71,0,10,10,0.14,50,-3
360,Tyler Popowich (C),Vancouver Giants,53,7,2,9,0.17,44,-12
,,,,,,,,,
361,Grayson Pawlenchuk (C/LW),Red Deer Rebels,19,4,5,9,0.47,14,0
362,Orrin Centazzo (LW),Everett Silvertips,41,4,5,9,0.22,13,-3
363,Eric Florchuk (C/LW),Victoria Royals,51,3,6,9,0.18,22,-14
364,Riley McKay (LW),Spokane Chiefs,51,3,6,9,0.18,123,-8
365,Keenan Taphorn (RW),Kootenay Ice,68,3,6,9,0.13,10,-24
366,Mitchell Prowse (D),Victoria Royals,38,2,7,9,0.24,8,2
367,Gordie Ballhorn (D),Kelowna Rockets,44,2,7,9,0.2,46,18
368,Robbie Holmes (LW),Regina Pats,54,2,7,9,0.17,17,7
369,Michael King (C),Kootenay Ice,66,2,7,9,0.14,10,-29
370,Nolan Kneen (D),Kamloops Blazers,69,2,7,9,0.13,58,13
,,,,,,,,,
371,Kord Pankewicz (D),Lethbridge Hurricanes,24,1,8,9,0.38,34,0
372,Dalton Gally (D),Medicine Hat Tigers,58,1,8,9,0.16,44,-5
373,Dylan MacPherson (D),Medicine Hat Tigers,51,0,9,9,0.18,6,18
374,Gary Haden (C),Medicine Hat Tigers,32,7,1,8,0.25,11,2
375,Bartek Bison (LW),totals,37,7,1,8,0.22,15,-4
,,Prince George Cougars,22,5,1,6,0.27,4,0
,,Vancouver Giants,15,2,0,2,0.13,11,-4
376,Brandson Hein (LW),Everett Silvertips,48,6,2,8,0.17,6,4
377,Lukus MacKenzie (LW),Saskatoon Blades,52,6,2,8,0.15,75,-20
378,Travis Walton (LW),Kamloops Blazers,48,5,3,8,0.17,13,1
379,Erik Miller (C),Kamloops Blazers,52,5,3,8,0.15,25,3
380,Fyodor Rudakov (D),Kootenay Ice,59,5,3,8,0.14,35,-27
,,,,,,,,,
381,Alex Mowbray (RW),Spokane Chiefs,36,4,4,8,0.22,21,-3
382,Lucas Cullen (C),Calgary Hitmen,37,4,4,8,0.22,8,-5
383,Kaeden Taphorn (F),Kootenay Ice,48,4,4,8,0.17,6,-21
384,Tyson Gruninger (RW),Edmonton Oil Kings,34,3,5,8,0.24,23,-2
385,Carson Focht (C),Tri-City Americans,62,3,5,8,0.13,12,1
386,Dakota Odgers (C/LW),Moose Jaw Warriors,42,2,6,8,0.19,71,-2
387,Shaun Dosanjh (D),totals,49,2,6,8,0.16,47,13
,,Prince George Cougars,4,0,0,0,0,2,1
,,Kamloops Blazers,14,1,3,4,0.29,16,7
,,Lethbridge Hurricanes,12,0,3,3,0.25,21,-1
,,Portland Winterhawks,19,1,0,1,0.05,8,6
388,Tanner Sidaway (F),Kootenay Ice,65,2,6,8,0.12,61,-28
389,Jaydan Gordon (D),Calgary Hitmen,70,2,6,8,0.11,20,-20
390,Kyle Yewchuk (D),totals,46,1,7,8,0.17,46,5
,,Edmonton Oil Kings,27,1,4,5,0.19,31,-4
,,Lethbridge Hurricanes,19,0,3,3,0.16,15,9
,,,,,,,,,
391,Colin Paradis (D),Moose Jaw Warriors,57,0,8,8,0.14,9,-4
392,Austyn Playfair (C),Tri-City Americans,36,3,4,7,0.19,2,-19
393,Brandan Arnold (RW),Swift Current Broncos,37,3,4,7,0.19,19,-3
394,Baron Thompson (RW),Brandon Wheat Kings,47,3,4,7,0.15,39,-6
395,Tristen Nielsen (C),Calgary Hitmen,49,3,4,7,0.14,19,-18
396,Kurtis Rutledge (D),totals,60,3,4,7,0.12,32,-42
,,Tri-City Americans,20,2,2,4,0.2,8,-8
,,Kootenay Ice,40,1,2,3,0.08,24,-34
397,Cole Reinhardt (LW),Brandon Wheat Kings,61,3,4,7,0.11,20,-13
398,Ethan Sakowich (D),Red Deer Rebels,61,3,4,7,0.11,31,1
399,Taylor Sanheim (LW),Calgary Hitmen,18,2,5,7,0.39,34,-4
400,Linden McCorrister (LW),Brandon Wheat Kings,33,2,5,7,0.21,2,-14